time,h_tail,h_min,V
1.000000000000000021e-03,1.232686013564612132e-01,-6.741693120353269009e-04,1.902386820477236729e+00
2.100000000000001171e-02,1.226010992474446254e-01,-6.634880747905906595e-04,1.896222014607499506e+00
4.100000000000002948e-02,1.217473299057082875e-01,-6.503990006243957900e-04,1.888808733202196777e+00
6.100000000000004724e-02,1.208645651207698596e-01,-6.370688689911578606e-04,1.881682135648630183e+00
8.100000000000005806e-02,1.199640891122152470e-01,-6.204300948802025928e-04,1.874648231848865532e+00
1.010000000000000758e-01,1.190458843170534992e-01,-6.021846499153320209e-04,1.867632223484162468e+00
1.210000000000000936e-01,1.181064438668361499e-01,-5.838981310727180130e-04,1.860624774626532751e+00
1.410000000000000975e-01,1.171528807051287896e-01,-5.600832551796268433e-04,1.853633919479341419e+00
1.610000000000001152e-01,1.161885341041742764e-01,-5.294463349818472053e-04,1.846666197021287203e+00
1.810000000000001330e-01,1.152089492380342778e-01,-4.983302083044031938e-04,1.839721165490450616e+00
2.010000000000001508e-01,1.142134252914128872e-01,-4.655542595892007973e-04,1.832792190232061191e+00
2.210000000000001685e-01,1.132122556778859673e-01,-4.213681752292357252e-04,1.825892139751079224e+00
2.410000000000001863e-01,1.122049667730985606e-01,-3.675670600878748473e-04,1.819021659508502697e+00
2.610000000000001763e-01,1.111860951645896184e-01,-3.135335736299919851e-04,1.812180466872086670e+00
2.810000000000001941e-01,1.101547109200020219e-01,-2.582646472685627692e-04,1.805361812844955782e+00
3.010000000000002118e-01,1.091221375674682609e-01,-1.888227544400260249e-04,1.798578039213636126e+00
3.210000000000002296e-01,1.080902667692971025e-01,-1.027161962220239644e-04,1.791829167079920904e+00
3.410000000000002474e-01,1.070524605070861529e-01,-1.287632776729094597e-05,1.785115948597181923e+00
3.610000000000002651e-01,1.060046070646869926e-01,7.561485422992800243e-05,1.778432541754085383e+00
3.810000000000002829e-01,1.049526976439913023e-01,1.718212173371265472e-04,1.771781413929537141e+00
4.010000000000003006e-01,1.039074938658648278e-01,2.890833542075928186e-04,1.765172862110442775e+00
4.210000000000003184e-01,1.028679102213809621e-01,4.260795283651148957e-04,1.758602724020514430e+00
4.410000000000003362e-01,1.018250378629944469e-01,5.402193442391074740e-04,1.752071597140524517e+00
4.610000000000003539e-01,1.007746730399309149e-01,6.286198284851281237e-04,1.745573826334319234e+00
4.810000000000003717e-01,9.972352465493779239e-02,7.236253734933147108e-04,1.739112063835332345e+00
5.010000000000003340e-01,9.868448991193519426e-02,8.228226689694535800e-04,1.732698081498837084e+00
5.210000000000003517e-01,9.765790086049551399e-02,9.066428305871294946e-04,1.726328497481023572e+00
5.410000000000003695e-01,9.663631512259680811e-02,9.986654894738773713e-04,1.720000716028155630e+00
5.610000000000003872e-01,9.561051423899306900e-02,1.089414088668212016e-03,1.713711716465725843e+00
5.810000000000004050e-01,9.458025921511210854e-02,1.147585025580506041e-03,1.707456683137051456e+00
6.010000000000004228e-01,9.356233226174125173e-02,1.204555049635087222e-03,1.701250218554375415e+00
6.210000000000004405e-01,9.256285634000628593e-02,1.276801076963391540e-03,1.695096099782564814e+00
6.410000000000004583e-01,9.158141544463167805e-02,1.364329219129229581e-03,1.688990642410694409e+00
6.610000000000004761e-01,9.060810675509591017e-02,1.439071565843458994e-03,1.682929777767072421e+00
6.810000000000004938e-01,8.963191529867138574e-02,1.483720808276151742e-03,1.676908190755523220e+00
7.010000000000005116e-01,8.865330358355573426e-02,1.528660980656588314e-03,1.670922381215459440e+00
7.210000000000005294e-01,8.769192073534136378e-02,1.584393632081754905e-03,1.664990335900805807e+00
7.410000000000005471e-01,8.675440929407272905e-02,1.654322658270441365e-03,1.659116577253765046e+00
7.610000000000005649e-01,8.584055928468793673e-02,1.724058714031435208e-03,1.653298122444864848e+00
7.810000000000005826e-01,8.494632761449814884e-02,1.767793670985413207e-03,1.647530583412786243e+00
8.010000000000006004e-01,8.405360822398393050e-02,1.812229647348912592e-03,1.641804927234247424e+00
8.210000000000006182e-01,8.315737477299821323e-02,1.855604532177219240e-03,1.636114771731510764e+00
8.410000000000006359e-01,8.227193785683360738e-02,1.904510452130876025e-03,1.630472435480795568e+00
8.610000000000006537e-01,8.141423526732326221e-02,1.966229089455612949e-03,1.624894476755981199e+00
8.810000000000006715e-01,8.058484810070067061e-02,2.018497235802069883e-03,1.619379295063665181e+00
9.010000000000006892e-01,7.978343227736293952e-02,2.053629541572971756e-03,1.613924019315207126e+00
9.210000000000007070e-01,7.900425772254325574e-02,2.096645813714843182e-03,1.608522905228855882e+00
9.410000000000007248e-01,7.822579990295526475e-02,2.139812953921977484e-03,1.603161343653672910e+00
9.610000000000007425e-01,7.744382401796863491e-02,2.182021324027356296e-03,1.597833335504164065e+00
9.810000000000007603e-01,7.667887539367761185e-02,2.230929260801445962e-03,1.592559581886599407e+00
1.001000000000000556e+00,7.594506218893816440e-02,2.291567584922122452e-03,1.587354441441513275e+00
1.020999999999998353e+00,7.524246400245281075e-02,2.320713886572307177e-03,1.582216108841816071e+00
1.040999999999996151e+00,7.457067175833116679e-02,2.350973755575542362e-03,1.577142075882517425e+00
1.060999999999993948e+00,7.392823813797054500e-02,2.389953703593589857e-03,1.572128962126388529e+00
1.080999999999991745e+00,7.329369803290201879e-02,2.431352539433401933e-03,1.567158841270541725e+00
1.100999999999989543e+00,7.265385769929828819e-02,2.471547465840624042e-03,1.562218850534846881e+00
1.120999999999987340e+00,7.202284960253547974e-02,2.515153937167908388e-03,1.557323264351824221e+00
1.140999999999985137e+00,7.142284959471541239e-02,2.568977212940155158e-03,1.552497001593407422e+00
1.160999999999982935e+00,7.085483077435859867e-02,2.610127102194732124e-03,1.547739606770567544e+00
1.180999999999980732e+00,7.031828994175944036e-02,2.631129722870901438e-03,1.543048706160617733e+00
1.200999999999978529e+00,6.977828760579328493e-02,2.651714158213264866e-03,1.538392612464662745e+00
1.220999999999976326e+00,6.921078198689241401e-02,2.666098155862401536e-03,1.533748026812331355e+00
1.240999999999974124e+00,6.867745587591017609e-02,2.689931786047778522e-03,1.529164623631503517e+00
1.260999999999971921e+00,6.817859381108880290e-02,2.723276436009686857e-03,1.524640794388171461e+00
1.280999999999969718e+00,6.768879209185521550e-02,2.759082346512415490e-03,1.520161024425308094e+00
1.300999999999967516e+00,6.719471335338442208e-02,2.793774200922877898e-03,1.515716121636318636e+00
1.320999999999965313e+00,6.669811444339229789e-02,2.828089863117184272e-03,1.511305782621191085e+00
1.340999999999963110e+00,6.622665499537996880e-02,2.839932257139982791e-03,1.506954052141854072e+00
1.360999999999960908e+00,6.579013926199396567e-02,2.844094590520002824e-03,1.502668487659360341e+00
1.380999999999958705e+00,6.536924879706441927e-02,2.852513622913017272e-03,1.498433979999469035e+00
1.400999999999956502e+00,6.495096416614469514e-02,2.862124632704427657e-03,1.494239799693386272e+00
1.420999999999954300e+00,6.453430031413498469e-02,2.872785983743204180e-03,1.490083414795118077e+00
1.440999999999952097e+00,6.411882506576196961e-02,2.884462107355729305e-03,1.485962968575972099e+00
1.460999999999949894e+00,6.370567890546974255e-02,2.897057749300786106e-03,1.481882482450125771e+00
1.480999999999947692e+00,6.329527377654102505e-02,2.910507877003216254e-03,1.477843262141679270e+00
1.500999999999945489e+00,6.288723420349973114e-02,2.924780881413530792e-03,1.473843643603192977e+00
1.520999999999943286e+00,6.248116196237575581e-02,2.939847862365192049e-03,1.469881859200362628e+00
1.540999999999941084e+00,6.207713006348165863e-02,2.955896802038355392e-03,1.465873585382229560e+00
1.560999999999938881e+00,6.167603784343969608e-02,2.945784482926722819e-03,1.460180805665064030e+00
1.580999999999936678e+00,6.127744375548796474e-02,2.929216760034287353e-03,1.453762800341156680e+00
1.600999999999934476e+00,6.088114381538026199e-02,2.913145925827882038e-03,1.447710023560182968e+00
1.620999999999932273e+00,6.048694336353743761e-02,2.897444695306745227e-03,1.442058317581160320e+00
1.640999999999930070e+00,6.009464383322493664e-02,2.882101957791833452e-03,1.436790131168357743e+00
1.660999999999927867e+00,5.970418887058297208e-02,2.867579362180811692e-03,1.431754970490498602e+00
1.680999999999925665e+00,5.931625382695275561e-02,2.857243472610477425e-03,1.425989865022057490e+00
1.700999999999923462e+00,5.893055177669528910e-02,2.852141492254395977e-03,1.419201802572124915e+00
1.720999999999921259e+00,5.854642852779975981e-02,2.852315108098097546e-03,1.411383599519146603e+00
1.740999999999919057e+00,5.816318468147742282e-02,2.857797991699790457e-03,1.402530295968149154e+00
1.760999999999916854e+00,5.778007481675402623e-02,2.868641275246126138e-03,1.392632120188193490e+00
1.780999999999914651e+00,5.739668923428255243e-02,2.883856970593030172e-03,1.381958935823403234e+00
1.800999999999912449e+00,5.701395880257303928e-02,2.899491790280334796e-03,1.371569528327328591e+00
1.820999999999910246e+00,5.663198784394660179e-02,2.914930797401311252e-03,1.361619528432599591e+00
1.840999999999908043e+00,5.625091390264475022e-02,2.909192202364425245e-03,1.350156851813559378e+00
1.860999999999905841e+00,5.587040325462067081e-02,2.909098325064547047e-03,1.336961901361693350e+00
1.880999999999903638e+00,5.549011608079376656e-02,2.914343306032646935e-03,1.324633580078463657e+00
1.900999999999901435e+00,5.511005632505043550e-02,2.920408585017648245e-03,1.314589998678556526e+00
1.920999999999899233e+00,5.473013257319583880e-02,2.926336720443584866e-03,1.307017381307445048e+00
1.940999999999897030e+00,5.435017153620184949e-02,2.932112808187520986e-03,1.301802497047594542e+00
1.960999999999894827e+00,5.396999259523534154e-02,2.937749092833025905e-03,1.298839572876073323e+00
1.980999999999892625e+00,5.358984735845401248e-02,2.946062200338567943e-03,1.297163125774677850e+00
2.000999999999890644e+00,5.320995671054103149e-02,2.960855455828820954e-03,1.295547495167001406e+00
2.020999999999888441e+00,5.282984185562562829e-02,2.982358348730802106e-03,1.293911532126576835e+00
2.040999999999886239e+00,5.244895389908800498e-02,3.010571847509597304e-03,1.292251791200444311e+00
2.060999999999884036e+00,5.205449503105474829e-02,3.042653097828435654e-03,1.290556228320353327e+00
2.080999999999881833e+00,5.161207639241957579e-02,3.070681017342719726e-03,1.288796201088553195e+00
2.100999999999879631e+00,5.114731020316044818e-02,3.100267120583328345e-03,1.286998612221069926e+00
2.120999999999877428e+00,5.068132170874926901e-02,3.113517584180564707e-03,1.285184405578876143e+00
2.140999999999875225e+00,5.021474108638514233e-02,3.119964989629537416e-03,1.283353230938097056e+00
2.160999999999873022e+00,4.974626899434274330e-02,3.132453157806153882e-03,1.281502861783408553e+00
2.180999999999870820e+00,4.924805893998358830e-02,3.144899922213745952e-03,1.279608926262551183e+00
2.200999999999868617e+00,4.870216672123628410e-02,3.153383087804068757e-03,1.277656064371375688e+00
2.220999999999866414e+00,4.810810811531940345e-02,3.157832866122662480e-03,1.275643702565769200e+00
2.240999999999864212e+00,4.746599280812800747e-02,3.158320475863136273e-03,1.273571718828512278e+00
2.260999999999862009e+00,4.677588059648167540e-02,3.154918294641057691e-03,1.271439895170329848e+00
2.280999999999859806e+00,4.603775488157703377e-02,3.147696269643691230e-03,1.269247888465992569e+00
2.300999999999857604e+00,4.525150683393870665e-02,3.136720819083355788e-03,1.266995209497212116e+00
2.320999999999855401e+00,4.441691893400832869e-02,3.122053778552642128e-03,1.264681200470719968e+00
2.340999999999853198e+00,4.354578574045660233e-02,3.106244294943789203e-03,1.262317263063092554e+00
2.360999999999850996e+00,4.268368305483356828e-02,3.098776345218007960e-03,1.259948538048124789e+00
2.380999999999848793e+00,4.183849246803145183e-02,3.101138599050607542e-03,1.257584335156454625e+00
2.400999999999846590e+00,4.101003486802966280e-02,3.112732929576218083e-03,1.255230270592487374e+00
2.420999999999844388e+00,4.019798177195943456e-02,3.133329101288790525e-03,1.252886997708374750e+00
2.440999999999842185e+00,3.940200841237198603e-02,3.162371594578178985e-03,1.250558422573253781e+00
2.460999999999839982e+00,3.862179637276570709e-02,3.199609595991931982e-03,1.248245018776341198e+00
2.480999999999837780e+00,3.785703356555371324e-02,3.242004633652057627e-03,1.245946115889041028e+00
2.500999999999835577e+00,3.710741407649313650e-02,3.269543547094539565e-03,1.243661008742174667e+00
2.520999999999833374e+00,3.637263804770148046e-02,3.304578137803732690e-03,1.241388979741881338e+00
2.540999999999831171e+00,3.565241155905360393e-02,3.347004256793979088e-03,1.239129297588488665e+00
2.560999999999828969e+00,3.494644651038858463e-02,3.396726218854024398e-03,1.236881215389081579e+00
2.580999999999826766e+00,3.425446050631836270e-02,3.453657102501023896e-03,1.234643968564770988e+00
2.600999999999824563e+00,3.357617674455661005e-02,3.517719092243260653e-03,1.232416772524854043e+00
2.620999999999822361e+00,3.291132390036277666e-02,3.588843868262765052e-03,1.230198820124663861e+00
2.640999999999820158e+00,3.225963602398743135e-02,3.666973052926087578e-03,1.227989278760738934e+00
2.660999999999817955e+00,3.162085243209911134e-02,3.752058719974100259e-03,1.225787287179758600e+00
2.680999999999815753e+00,3.099471760280352386e-02,3.844063977544959904e-03,1.223591951891066287e+00
2.700999999999813550e+00,3.038098107380613269e-02,3.942963636634395225e-03,1.221402343118201284e+00
2.720999999999811347e+00,2.977939734231377714e-02,4.048744978730051819e-03,1.219217490229389078e+00
2.740999999999809145e+00,2.918972576681511458e-02,4.157628400549024522e-03,1.217036376555576505e+00
2.760999999999806942e+00,2.861173047082224766e-02,4.241035756938422302e-03,1.214857933489837283e+00
2.780999999999804739e+00,2.804518024851467353e-02,4.330991638876142275e-03,1.212681033740157899e+00
2.800999999999802537e+00,2.748984847257985101e-02,4.427530510355177223e-03,1.210504483577877544e+00
2.820999999999800334e+00,2.694551300245118589e-02,4.530703251913032609e-03,1.208327013898321312e+00
2.840999999999798131e+00,2.641195609667086955e-02,4.640578804085655068e-03,1.206147269846297387e+00
2.860999999999795929e+00,2.588896432552694263e-02,4.729752896479744867e-03,1.203963798717644806e+00
2.880999999999793726e+00,2.537632848540146216e-02,4.653024932537681152e-03,1.201775035782459700e+00
2.900999999999791523e+00,2.487384351496741211e-02,4.577942252515832672e-03,1.199579477575147823e+00
2.920999999999789321e+00,2.438130842281298685e-02,4.504519072373067839e-03,1.197381206038107937e+00
2.940999999999787118e+00,2.389852617861282572e-02,4.432757811931007513e-03,1.195183122409192000e+00
2.960999999999784915e+00,2.342530365657173944e-02,4.362633483134512741e-03,1.192984299817432703e+00
2.980999999999782712e+00,2.296145156682738789e-02,4.294121031023032803e-03,1.190783590882894760e+00
3.000999999999780510e+00,2.250678436307560273e-02,4.227196453439819451e-03,1.188579768554753446e+00
3.020999999999778307e+00,2.206112017324105348e-02,4.161836865865829044e-03,1.186371518613394294e+00
3.040999999999776104e+00,2.162428072564515427e-02,4.098020556024029731e-03,1.184157427892844616e+00
3.060999999999773902e+00,2.119609127883500047e-02,4.035727050394666976e-03,1.181935970378263701e+00
3.080999999999771699e+00,2.077638055084335758e-02,3.974937194932404855e-03,1.179705490911810539e+00
3.100999999999769496e+00,2.036498065219938605e-02,3.915633253665024710e-03,1.177464185801712748e+00
3.120999999999767294e+00,1.996172701740900682e-02,3.857799028558626248e-03,1.175210079822236686e+00
3.140999999999765091e+00,1.956645833943728222e-02,3.792135749356790458e-03,1.172940998527584266e+00
3.160999999999762888e+00,1.917901650582356024e-02,3.717046430568044652e-03,1.170654534749234088e+00
3.180999999999760686e+00,1.879924653534790005e-02,3.643443979952063622e-03,1.168348007739449024e+00
3.200999999999758483e+00,1.842699651520581308e-02,3.571298955570307437e-03,1.166018412862764864e+00
3.220999999999756280e+00,1.806211838981345089e-02,3.500583622466083705e-03,1.163662348664112223e+00
3.240999999999754078e+00,1.770463865079769175e-02,3.431386524656177689e-03,1.161246052361582404e+00
3.260999999999751875e+00,1.735412074488762793e-02,3.363699212228152963e-03,1.158815669555806283e+00
3.280999999999749672e+00,1.701049753880306062e-02,3.297624642416247670e-03,1.156388829757048597e+00
3.300999999999747470e+00,1.667373533506335062e-02,3.233363919884508358e-03,1.153957177590527960e+00
3.320999999999745267e+00,1.634369969112147228e-02,3.172000173608555823e-03,1.151511334199293746e+00
3.340999999999743064e+00,1.602021007506298014e-02,3.119335488857583744e-03,1.149008343850048020e+00
3.360999999999740862e+00,1.570327071194108429e-02,3.081447641587523739e-03,1.146496549332096659e+00
3.380999999999738659e+00,1.539246328588821447e-02,3.054871310747792751e-03,1.144005966587153145e+00
3.400999999999736456e+00,1.508794487707164692e-02,3.033458255728944258e-03,1.141536071121406204e+00
3.420999999999734253e+00,1.478938230256306510e-02,3.026371218851939965e-03,1.139005092951067111e+00
3.440999999999732051e+00,1.449711593616401575e-02,3.037052060642034951e-03,1.136426934361813634e+00
3.460999999999729848e+00,1.421085983890347029e-02,3.058370472467156903e-03,1.132791566441946784e+00
3.480999999999727645e+00,1.392952864121764847e-02,3.082651607313347669e-03,1.124461920682869653e+00
3.500999999999725443e+00,1.365370664186149954e-02,3.117687157076724086e-03,1.115887740674206707e+00
3.520999999999723240e+00,1.338334515710922282e-02,3.163570735440577458e-03,1.107440071481187172e+00
3.540999999999721037e+00,1.311833716780096484e-02,3.220278295476653591e-03,1.099122406662313756e+00
3.560999999999718835e+00,1.285857668786459865e-02,3.287810300322550200e-03,1.090931774189757508e+00
3.580999999999716632e+00,1.260395981004512958e-02,3.366192825472683753e-03,1.082865089082100329e+00
3.600999999999714429e+00,1.235438468443976825e-02,3.455474220141464131e-03,1.074917971846782505e+00
3.620999999999712227e+00,1.210975147725454684e-02,3.555727149812368953e-03,1.067089793017308885e+00
3.640999999999710024e+00,1.186996233208093346e-02,3.667060166082040246e-03,1.059376545419054017e+00
3.660999999999707821e+00,1.163492133010775656e-02,3.789610989711356820e-03,1.051774918334704711e+00
3.680999999999705619e+00,1.140453445177583638e-02,3.879682619665942439e-03,1.044281795960946724e+00
3.700999999999703416e+00,1.117870953914467183e-02,3.877611539012077585e-03,1.036894297668717879e+00
3.720999999999701213e+00,1.095735625954225370e-02,3.847416166133602738e-03,1.029608492164356903e+00
3.740999999999699011e+00,1.074038606855040948e-02,3.799340261588460971e-03,1.022421393488904151e+00
3.760999999999696808e+00,1.052771217528307782e-02,3.755259328283831050e-03,1.015327123178716651e+00
3.780999999999694605e+00,1.031924950753471473e-02,3.716344755884507661e-03,1.008331104319237337e+00
3.800999999999692402e+00,1.011491467677390690e-02,3.683028816069220529e-03,1.001435783435286941e+00
3.820999999999690200e+00,9.914625946991901390e-03,3.655360900017088494e-03,9.946331051397669931e-01
3.840999999999687997e+00,9.718303199948808563e-03,3.633406375544993155e-03,9.879206481761605430e-01
3.860999999999685794e+00,9.525867903670496434e-03,3.617244130080261161e-03,9.812978833549546032e-01
3.880999999999683592e+00,9.337243081959465535e-03,3.606994037990907814e-03,9.747606832984692105e-01
3.900999999999681389e+00,9.152353281416242964e-03,3.602767166289797679e-03,9.683088105350109442e-01
3.920999999999679186e+00,8.971124544152209862e-03,3.604733308744226955e-03,9.619368407590682679e-01
3.940999999999676984e+00,8.793484376724020751e-03,3.613078946250947859e-03,9.556409863293774398e-01
3.960999999999674781e+00,8.619361719958449491e-03,3.628028819053153581e-03,9.494183826361395351e-01
3.980999999999672578e+00,8.448686922783586045e-03,3.649638330052610430e-03,9.432644527017761682e-01
4.000999999999670820e+00,8.281391712306327563e-03,3.598248718898373194e-03,9.371822854597898766e-01
4.020999999999677499e+00,8.117409168478351839e-03,3.528619612851630755e-03,9.311633049293496223e-01
4.040999999999684178e+00,7.956673698404210376e-03,3.461016221729524417e-03,9.252090095115812485e-01
4.060999999999690857e+00,7.799121003196827356e-03,3.395889149076531527e-03,9.193339583412858396e-01
4.080999999999697536e+00,7.644688060126653834e-03,3.333459469805639258e-03,9.135301809219236180e-01
4.100999999999704215e+00,7.493313094431384297e-03,3.273665988997937620e-03,9.077924754401204277e-01
4.120999999999710894e+00,7.344935553751767016e-03,3.216502710096286882e-03,9.021211149082195568e-01
4.140999999999717573e+00,7.199496085638471682e-03,3.162059642476084537e-03,8.965089777931314341e-01
4.160999999999724253e+00,7.056936512261722388e-03,3.110780540689878776e-03,8.909561859970651643e-01
4.180999999999730932e+00,6.917199806978777815e-03,3.062844173847129731e-03,8.854668257999546155e-01
4.200999999999737611e+00,6.780230073845528588e-03,3.018197849612564571e-03,8.800337410906451385e-01
4.220999999999744290e+00,6.645972523093113954e-03,2.976882202657033655e-03,8.746541714707540827e-01
4.240999999999750969e+00,6.514373449997990645e-03,2.939068708987763873e-03,8.693246747768447191e-01
4.260999999999757648e+00,6.385380213121804455e-03,2.905229808539317587e-03,8.640447166136042689e-01
4.280999999999764327e+00,6.258941213461242242e-03,2.875482089967369009e-03,8.588111303722562040e-01
4.300999999999771006e+00,6.135005873734101361e-03,2.849711560674612204e-03,8.536272264354335393e-01
4.320999999999777685e+00,6.013524618163217789e-03,2.827596676992689267e-03,8.484929368365949909e-01
4.340999999999784364e+00,5.894448851387689564e-03,2.809281474406250673e-03,8.434051304276816152e-01
4.360999999999791044e+00,5.777730943677252679e-03,2.795187580515962750e-03,8.383780659296622417e-01
4.380999999999797723e+00,5.663324205706848219e-03,2.785436514003775815e-03,8.334008407923761963e-01
4.400999999999804402e+00,5.551182872914350169e-03,2.780064116954323455e-03,8.284710607416578831e-01
4.420999999999811081e+00,5.441262087469294489e-03,2.779075704620121573e-03,8.235831910112947352e-01
4.440999999999817760e+00,5.333517879251303134e-03,2.782527644732319533e-03,8.187388280618786984e-01
4.460999999999824439e+00,5.227907149347652688e-03,2.790507860086961084e-03,8.139345291550130757e-01
4.480999999999831118e+00,5.124387652286042233e-03,2.804541962073432010e-03,8.091683834359537641e-01
4.500999999999837797e+00,5.022917978336389339e-03,2.831839912379580798e-03,8.045057310119652083e-01
4.520999999999844476e+00,4.923457538497686553e-03,2.872462529721692831e-03,7.999498633845655293e-01
4.540999999999851156e+00,4.825966547303019855e-03,2.925182371013430177e-03,7.954985816738522342e-01
4.560999999999857835e+00,4.730406007100871474e-03,2.988832452984386406e-03,7.911494170343298382e-01
4.580999999999864514e+00,4.636737692363539914e-03,3.062393967020977242e-03,7.869035812927760443e-01
4.600999999999871193e+00,4.544924134526086984e-03,3.082486317422600958e-03,7.827604935310397138e-01
4.620999999999877872e+00,4.454928606942392538e-03,3.021448998823911963e-03,7.787202038075652366e-01
4.640999999999884551e+00,4.366715110201199040e-03,2.961620300111284659e-03,7.747830513742637315e-01
4.660999999999891230e+00,4.280248357727441805e-03,2.902976289006670846e-03,7.709496683202016198e-01
4.680999999999897909e+00,4.195493761667685312e-03,2.845493507125280291e-03,7.672209492170360967e-01
4.700999999999904588e+00,4.112417419053476103e-03,2.789148960587146259e-03,7.635981888140039864e-01
4.720999999999911267e+00,4.030986098163633763e-03,2.733920110838467671e-03,7.600829228982326491e-01
4.740999999999917947e+00,3.951167225323199556e-03,2.679784865420049150e-03,7.566797778263901764e-01
4.760999999999924626e+00,3.872928872267058370e-03,2.626721569827478869e-03,7.533846295023749473e-01
4.780999999999931305e+00,3.796239742407610945e-03,2.574708997891323597e-03,7.502012578168282264e-01
4.800999999999937984e+00,3.721069159062489334e-03,2.523726343883942597e-03,7.471330574689851733e-01
4.820999999999944663e+00,3.647387052995661877e-03,2.473753214064417644e-03,7.441843636549891894e-01
4.840999999999951342e+00,3.575163950385890771e-03,2.424769618518968911e-03,7.413601036453365545e-01
4.860999999999958021e+00,3.504370961035025572e-03,2.376755963173677461e-03,7.386653550751340891e-01
4.880999999999964700e+00,3.434979767088019303e-03,2.329693042280329279e-03,7.360640645430052142e-01
4.900999999999971379e+00,3.366962612223373813e-03,2.283562026375213910e-03,7.336324916500756022e-01
4.920999999999978058e+00,3.300292303457203619e-03,2.238344436198098225e-03,7.311983357888325319e-01
4.940999999999984738e+00,3.234942943220974615e-03,2.194020810028746854e-03,7.283906333996168492e-01
4.960999999999991417e+00,3.170888922980594909e-03,2.150572557406377899e-03,7.242261881220786179e-01
4.980999999999998096e+00,3.108101493001818455e-03,2.107987718060606169e-03,7.174727379215748435e-01
5.001000000000004775e+00,3.046556967681576106e-03,2.066568773263239428e-03,7.144453316334440363e-01
5.021000000000011454e+00,2.986231098086929853e-03,2.027536413870063142e-03,7.129922419501584230e-01
5.041000000000018133e+00,2.927099760616457685e-03,1.991184322751988339e-03,7.106794292648809241e-01
5.061000000000024812e+00,2.869257648748724937e-03,1.957464118584401752e-03,7.068305200189297643e-01
5.081000000000031491e+00,2.814072819987249036e-03,1.925016483752445967e-03,7.020863211898117351e-01
5.101000000000038170e+00,2.762154542596578083e-03,1.893237334162595903e-03,6.967414618055478570e-01
5.121000000000044849e+00,2.713540212102513033e-03,1.862097350303421744e-03,6.908163569240135526e-01
5.141000000000051529e+00,2.668261060514352107e-03,1.831583453265912126e-03,6.843233261013479396e-01
5.161000000000058208e+00,2.626359621630474511e-03,1.801683113547464937e-03,6.772740589506475173e-01
5.181000000000064887e+00,2.587892052711825847e-03,1.772384056715110151e-03,6.696798201633075154e-01
5.201000000000071566e+00,2.552930710509212359e-03,1.743674251029409678e-03,6.615515309287307577e-01
5.221000000000078245e+00,2.521567869192404415e-03,1.715541692815087532e-03,6.529134518179247060e-01
5.241000000000084924e+00,2.493922812229685398e-03,1.687972919087638718e-03,6.439010651656080775e-01
5.261000000000091603e+00,2.469415672097453190e-03,1.661870580566677386e-03,6.344105852390837796e-01
5.281000000000098282e+00,2.445872950059903989e-03,1.640082053706654747e-03,6.239715541974513169e-01
5.301000000000104961e+00,2.422958822488417013e-03,1.623038138184835361e-03,6.125369980749226784e-01
5.321000000000111640e+00,2.400742737141744326e-03,1.610685348983082604e-03,6.001419901983851002e-01
5.341000000000118320e+00,2.381831891163945641e-03,1.600450244422142038e-03,5.872136346488290304e-01
5.361000000000124999e+00,2.368092502949076944e-03,1.590506184766044689e-03,5.740435331136093389e-01
5.381000000000131678e+00,2.359645656928584939e-03,1.580779189556919678e-03,5.606424755279266758e-01
5.401000000000138357e+00,2.356560414719290758e-03,1.571263765182035615e-03,5.470102795808478024e-01
5.421000000000145036e+00,2.358921934241562518e-03,1.561962263209110829e-03,5.330081970453841578e-01
5.441000000000151715e+00,2.366801573126030983e-03,1.552883401924293888e-03,5.183617165684990535e-01
5.461000000000158394e+00,2.380266561826650112e-03,1.544021557081293877e-03,5.031009108339127289e-01
5.481000000000165073e+00,2.399416978792281302e-03,1.535362862973083803e-03,4.874280945323645753e-01
5.501000000000171752e+00,2.424390216404424120e-03,1.526887909908476032e-03,4.716630353091491035e-01
5.521000000000178431e+00,2.456208393165851961e-03,1.517740723221989302e-03,4.716541358567806208e-01
5.541000000000185111e+00,2.493698169954625815e-03,1.509201321944670521e-03,4.744577662325144551e-01
5.561000000000191790e+00,2.530891066270992557e-03,1.506988200068355016e-03,4.769759188932095606e-01
5.581000000000198469e+00,2.567041516672422669e-03,1.511749595717166300e-03,4.794017320760475820e-01
5.601000000000205148e+00,2.602145768449189850e-03,1.523426098056130523e-03,4.817402476096578345e-01
5.621000000000211827e+00,2.636281893001673343e-03,1.541610572815949737e-03,4.840029072952286016e-01
5.641000000000218506e+00,2.669499136136611189e-03,1.557769751545052400e-03,4.861962854003736290e-01
5.661000000000225185e+00,2.703499901205188433e-03,1.560373257974052158e-03,4.883207002851062684e-01
5.681000000000231864e+00,2.760125961683238677e-03,1.552155292320629015e-03,4.903599873105785600e-01
5.701000000000238543e+00,2.825457663898061494e-03,1.542392734413772920e-03,4.923234199891784457e-01
5.721000000000245223e+00,2.897227410483562554e-03,1.532595655746111368e-03,4.942125788564011302e-01
5.741000000000251902e+00,2.975308798167212304e-03,1.522849677214516834e-03,4.960246397412209629e-01
5.761000000000258581e+00,3.059645409182441128e-03,1.513210581583452480e-03,4.977566611700313670e-01
5.781000000000265260e+00,3.150285938440775674e-03,1.503699051885982324e-03,4.994069378005880910e-01
5.801000000000271939e+00,3.247317218818390056e-03,1.494333533905840145e-03,5.009735774721348900e-01
5.821000000000278618e+00,3.350904379260010585e-03,1.485115278543908818e-03,5.024550811702845898e-01
5.841000000000285297e+00,3.460801241192423133e-03,1.476327064273436768e-03,5.038506232399881934e-01
5.861000000000291976e+00,3.570531021913712216e-03,1.472041831313403853e-03,5.051736541561365756e-01
5.881000000000298655e+00,3.676881054098284779e-03,1.474205893790398597e-03,5.064318479589082767e-01
5.901000000000305334e+00,3.779813898958161306e-03,1.482804541670674353e-03,5.076260267071976973e-01
5.921000000000312014e+00,3.877146654390106056e-03,1.496565290957447419e-03,5.087268258889265926e-01
5.941000000000318693e+00,3.961823613577244302e-03,1.495436430666925026e-03,5.096442837858794483e-01
5.961000000000325372e+00,4.042698993320752859e-03,1.498769558822627551e-03,5.105033197114655641e-01
5.981000000000332051e+00,4.120736406621656328e-03,1.506278383100762702e-03,5.113173014862236743e-01
6.001000000000338730e+00,4.196028997520782206e-03,1.517839693044049226e-03,5.120874962252668361e-01
6.021000000000345409e+00,4.268651397560701416e-03,1.533338924015543309e-03,5.128149108705760684e-01
6.041000000000352088e+00,4.338676785306614520e-03,1.552666948315368362e-03,5.135005288304095306e-01
6.061000000000358767e+00,4.406224751745933116e-03,1.575711731967317092e-03,5.141459781146757724e-01
6.081000000000365446e+00,4.471398967868026736e-03,1.602369088338623931e-03,5.147526647738707162e-01
6.101000000000372125e+00,4.535411876636561562e-03,1.632010280844049116e-03,5.153204817652535796e-01
6.121000000000378805e+00,4.604295944748756225e-03,1.657650149630835595e-03,5.158429833045317103e-01
6.141000000000385484e+00,4.679540491017011167e-03,1.655870084099248657e-03,5.163179790289811333e-01
6.161000000000392163e+00,4.819218548606177960e-03,1.637314208074742289e-03,5.166777774584427885e-01
6.181000000000398842e+00,4.982872825286057544e-03,1.614056531632507979e-03,5.169606926901604282e-01
6.201000000000405521e+00,5.161542091093557910e-03,1.590665053045964977e-03,5.172700221394610498e-01
6.221000000000412200e+00,5.346121432529517964e-03,1.569806041237815225e-03,5.176161429490543364e-01
6.241000000000418879e+00,5.524522652087134750e-03,1.553145013356422438e-03,5.179210147614241588e-01
6.261000000000425558e+00,5.696561989257022812e-03,1.540665110433065560e-03,5.181827845679334299e-01
6.281000000000432237e+00,5.862387740271059883e-03,1.532310790005448481e-03,5.184018052161929457e-01
6.301000000000438916e+00,6.012382959763602069e-03,1.529174747728085509e-03,5.185090420642718412e-01
6.321000000000445596e+00,6.142665182439634858e-03,1.531693186056577033e-03,5.184814478318378050e-01
6.341000000000452275e+00,6.267558840766542655e-03,1.538155081765652660e-03,5.184252048410902258e-01
6.361000000000458954e+00,6.388029958799276015e-03,1.548358722209670219e-03,5.183470297931469517e-01
6.381000000000465633e+00,6.504241398023042492e-03,1.562197041205710263e-03,5.182476941527802694e-01
6.401000000000472312e+00,6.616327147862841734e-03,1.579570559497662369e-03,5.181277686286410722e-01
6.421000000000478991e+00,6.724479555137833492e-03,1.598067957416033497e-03,5.179882743237458342e-01
6.441000000000485670e+00,6.828854112619773403e-03,1.592564684594195007e-03,5.178299707555389375e-01
6.461000000000492349e+00,6.929565025736248579e-03,1.589552196844829651e-03,5.176533200257189549e-01
6.481000000000499028e+00,7.026721161975075375e-03,1.588971399984557414e-03,5.174587539426120930e-01
6.501000000000505707e+00,7.120546483816426325e-03,1.590742875899071179e-03,5.172467512348603025e-01
6.521000000000512387e+00,7.216209535867285779e-03,1.593582913429942433e-03,5.170116091937324576e-01
6.541000000000519066e+00,7.318184443537410072e-03,1.596395615502139292e-03,5.167472490762945458e-01
6.561000000000525745e+00,7.426761205333008015e-03,1.599131030810625048e-03,5.164525718482737560e-01
6.581000000000532424e+00,7.542061138681447480e-03,1.601787631749191504e-03,5.161265952788929301e-01
6.601000000000539103e+00,7.664233197648907120e-03,1.604364671644837453e-03,5.157681906184086174e-01
6.621000000000545782e+00,7.818353337244263873e-03,1.600996658581061577e-03,5.153400010285944521e-01
6.641000000000552461e+00,8.020198208742949225e-03,1.588184053984326854e-03,5.148130324348924036e-01
6.661000000000559140e+00,8.216359015751215772e-03,1.578624568851400706e-03,5.142624560121310529e-01
6.681000000000565819e+00,8.404867170593844500e-03,1.572787114878865938e-03,5.136917662406845775e-01
6.701000000000572498e+00,8.585947583481638029e-03,1.570628594768714442e-03,5.131012782253747684e-01
6.721000000000579178e+00,8.759981724904390005e-03,1.572095406451385485e-03,5.124919171346865587e-01
6.741000000000585857e+00,8.927542252318208110e-03,1.553938119046933269e-03,5.118704274552888789e-01
6.761000000000592536e+00,9.089078854277014147e-03,1.538250926829704684e-03,5.112416908995724985e-01
6.781000000000599215e+00,9.244802038284209017e-03,1.525199349450574032e-03,5.106061459316089124e-01
6.801000000000605894e+00,9.394947150923694396e-03,1.514715572652165082e-03,5.099642278358444969e-01
6.821000000000612573e+00,9.539785240222701385e-03,1.506734752332001409e-03,5.093165482334599536e-01
6.841000000000619252e+00,9.679499157761759648e-03,1.501194938704725895e-03,5.086633465214791539e-01
6.861000000000625931e+00,9.814256484178832812e-03,1.498037011922765532e-03,5.080048111756005902e-01
6.881000000000632610e+00,9.944218127501434218e-03,1.497204617890230544e-03,5.073411170156276739e-01
6.901000000000639290e+00,1.006953874829607035e-02,1.498644105226060869e-03,5.066724257835781842e-01
6.921000000000645969e+00,1.019036702294247657e-02,1.502304468738630688e-03,5.059988859744228851e-01
6.941000000000652648e+00,1.030685609484461099e-02,1.508136340159300232e-03,5.053206522694214664e-01
6.961000000000659327e+00,1.042332457147629801e-02,1.515220422189395705e-03,5.046326754059391462e-01
6.981000000000666006e+00,1.054614475836743517e-02,1.522213922238908196e-03,5.039262628568732527e-01
7.001000000000672685e+00,1.067587986269013037e-02,1.529022020023380196e-03,5.031998050352639584e-01
7.021000000000679364e+00,1.081267941050314055e-02,1.535644325916202951e-03,5.024521470890567221e-01
7.041000000000686043e+00,1.095671851387063425e-02,1.542081948548063713e-03,5.016820072650967077e-01
7.061000000000692722e+00,1.110821083373402310e-02,1.542223017137873270e-03,5.008879427250932936e-01
7.081000000000699401e+00,1.128560751947538590e-02,1.522159852505217820e-03,5.000405739063136235e-01
7.101000000000706081e+00,1.151007209115205779e-02,1.498693406858171012e-03,4.991029249142659996e-01
7.121000000000712760e+00,1.172833499451907471e-02,1.477050596967861146e-03,4.981537684130947219e-01
7.141000000000719439e+00,1.193800202771276922e-02,1.457466837263571985e-03,4.971972439060772797e-01
7.161000000000726118e+00,1.213947200313055322e-02,1.439923612626698574e-03,4.962337894449371789e-01
7.181000000000732797e+00,1.233337403567579330e-02,1.424699648115552303e-03,4.952684313139645855e-01
7.201000000000739476e+00,1.252028421804936634e-02,1.412020098956818376e-03,4.943058630304755230e-01
7.221000000000746155e+00,1.270046422591342497e-02,1.401832447117185715e-03,4.933463314181570358e-01
7.241000000000752834e+00,1.287415068052140746e-02,1.394073861281059507e-03,4.923898589795164260e-01
7.261000000000759513e+00,1.304157024671366918e-02,1.388684103920696106e-03,4.914364569208046762e-01
7.281000000000766192e+00,1.320294034813395204e-02,1.385605682567032232e-03,4.904861293777272868e-01
7.301000000000772872e+00,1.335846959488114563e-02,1.384783779989590818e-03,4.895388734467865377e-01
7.321000000000779551e+00,1.350837930312386373e-02,1.386166227508162790e-03,4.885947348720969252e-01
7.341000000000786230e+00,1.365296545406126730e-02,1.389703587468500007e-03,4.876539701822257822e-01
7.361000000000792909e+00,1.379243286460097098e-02,1.395348785397394070e-03,4.867166068258975131e-01
7.381000000000799588e+00,1.392695530261881323e-02,1.403057134113389753e-03,4.857826020818375445e-01
7.401000000000806267e+00,1.405670253122609861e-02,1.412785706560133053e-03,4.848519003818297923e-01
7.421000000000812946e+00,1.418619754342749853e-02,1.423660701467727857e-03,4.839183299670501426e-01
7.441000000000819625e+00,1.432244735853362497e-02,1.434353158319651850e-03,4.829716162080197051e-01
7.461000000000826304e+00,1.446609837890592068e-02,1.444767459743218768e-03,4.820099030386101879e-01
7.481000000000832983e+00,1.461732424623427354e-02,1.435680338989126642e-03,4.810319103093766424e-01
7.501000000000839663e+00,1.477632680031919568e-02,1.420148151035655754e-03,4.800362344115186031e-01
7.521000000000846342e+00,1.494335075116804204e-02,1.404898156581364105e-03,4.790213115341642736e-01
7.541000000000853021e+00,1.516217667124064930e-02,1.386068811475588830e-03,4.779159155560178673e-01
7.561000000000859700e+00,1.540478412813431688e-02,1.366242322185146768e-03,4.767596098025185247e-01
7.581000000000866379e+00,1.563865292351797678e-02,1.348324920667127308e-03,4.756033295426203567e-01
7.601000000000873058e+00,1.586339622211548409e-02,1.332352485140370774e-03,4.744478860201020720e-01
7.621000000000879737e+00,1.607934300587881074e-02,1.318337910041950806e-03,4.732935036167231768e-01
7.641000000000886416e+00,1.628729714845450829e-02,1.306638533698629284e-03,4.721457899185637075e-01
7.661000000000893095e+00,1.648776198136967311e-02,1.297360836266487488e-03,4.710070921859823012e-01
7.681000000000899774e+00,1.668101687308659944e-02,1.290448364180758062e-03,4.698773484020632996e-01
7.701000000000906454e+00,1.686732396995209785e-02,1.285842975141966021e-03,4.687564282422896911e-01
7.721000000000913133e+00,1.704693449687473897e-02,1.283489107240760180e-03,4.676441982790925378e-01
7.741000000000919812e+00,1.722008938099580180e-02,1.283333782953272745e-03,4.665405230457772556e-01
7.761000000000926491e+00,1.738702784515848768e-02,1.285326556241268153e-03,4.654452767718020856e-01
7.781000000000933170e+00,1.754808211174012714e-02,1.289419617986193450e-03,4.643584803488744472e-01
7.801000000000939849e+00,1.770351428271378993e-02,1.295567500183798099e-03,4.632800603672428963e-01
7.821000000000946528e+00,1.785352548778253515e-02,1.303726998646132645e-03,4.622098635221681406e-01
7.841000000000953207e+00,1.799830747402235767e-02,1.313857203963170878e-03,4.611477317272133503e-01
7.861000000000959886e+00,1.813804447936461298e-02,1.325919469088072261e-03,4.600935043164215976e-01
7.881000000000966565e+00,1.827458304474594356e-02,1.339579541346964248e-03,4.590445148067147652e-01
7.901000000000973245e+00,1.841678471874834758e-02,1.353263291448931344e-03,4.579871862712867614e-01
7.921000000000979924e+00,1.856686622411326051e-02,1.360000480204032886e-03,4.569172722575698953e-01
7.941000000000986603e+00,1.872504016693123455e-02,1.346427979595238994e-03,4.558334100688100632e-01
7.961000000000993282e+00,1.889151607078639120e-02,1.333095219170372242e-03,4.547341695219436764e-01
7.981000000000999961e+00,1.910881891158482462e-02,1.316453829770320577e-03,4.535484168319117160e-01
8.001000000001004864e+00,1.937182511167587565e-02,1.297026528876605439e-03,4.522794185289953361e-01
8.021000000000993779e+00,1.962639341240493898e-02,1.279384991559068957e-03,4.510146171931088688e-01
8.041000000000982695e+00,1.987206964431970438e-02,1.263628573338688305e-03,4.497566640245683756e-01
8.061000000000971610e+00,2.015476607059086059e-02,1.249411976504927885e-03,4.485324101444086997e-01
8.081000000000960526e+00,2.040147672217821131e-02,1.237286697021017928e-03,4.472974959888306734e-01
8.101000000000949441e+00,2.061881810793380135e-02,1.227548732609735210e-03,4.460608269224328182e-01
8.121000000000938357e+00,2.082796285090936575e-02,1.220158929586896007e-03,4.448366912736473888e-01
8.141000000000927272e+00,2.102977966157413073e-02,1.215060260089734917e-03,4.436252524735878056e-01
8.161000000000916188e+00,2.122455282710915617e-02,1.212197763534223621e-03,4.424262834406240685e-01
8.181000000000905104e+00,2.141254505105124120e-02,1.211518993692557028e-03,4.412395521469612558e-01
8.201000000000894019e+00,2.159400825368737800e-02,1.212973961999281453e-03,4.400648283235791824e-01
8.221000000000882935e+00,2.176918427055284447e-02,1.216515076055985772e-03,4.389018833180823864e-01
8.241000000000871850e+00,2.193830533597678281e-02,1.222097084015622698e-03,4.377504898972923719e-01
8.261000000000860766e+00,2.210159454361607448e-02,1.229677024854897854e-03,4.366104219547882748e-01
8.281000000000849681e+00,2.225926630654068497e-02,1.239214184535892410e-03,4.354814542051839155e-01
8.301000000000838597e+00,2.241152671368868213e-02,1.250670058810705171e-03,4.343633623176815783e-01
8.321000000000827512e+00,2.255857688722065837e-02,1.264008323213789559e-03,4.332559226078331327e-01
8.341000000000816428e+00,2.270113587688976989e-02,1.279164911867431559e-03,4.321588277347176987e-01
8.361000000000805343e+00,2.284601590494403714e-02,1.294909261447669407e-03,4.310600735490365820e-01
8.381000000000794259e+00,2.302164289555540602e-02,1.308977132777239955e-03,4.299447540560327741e-01
8.401000000000783174e+00,2.326270209211292808e-02,1.309454901306312397e-03,4.287950816257129483e-01
8.421000000000772090e+00,2.360945543319444354e-02,1.288146302570531559e-03,4.274786476490187725e-01
8.441000000000761005e+00,2.395877513362755853e-02,1.267556341598658626e-03,4.261464354976129409e-01
8.461000000000749921e+00,2.429459054579575020e-02,1.248889073814336143e-03,4.248232691699142527e-01
8.481000000000738837e+00,2.461707579696970419e-02,1.232137223012869792e-03,4.235091726585261118e-01
8.501000000000727752e+00,2.492668144087133511e-02,1.217274369536853335e-03,4.222037122561266842e-01
8.521000000000716668e+00,2.522935826294677233e-02,1.204246872306264510e-03,4.204315677281923458e-01
8.541000000000705583e+00,2.547350000532035488e-02,1.193370662702048640e-03,4.190881398749954911e-01
8.561000000000694499e+00,2.568666944817550937e-02,1.184827945130157573e-03,4.178229709752974141e-01
8.581000000000683414e+00,2.589209671148682071e-02,1.178578857520113515e-03,4.165741185012067915e-01
8.601000000000672330e+00,2.610837703908410259e-02,1.174588686433070822e-03,4.153408280058223934e-01
8.621000000000661245e+00,2.635915068190922486e-02,1.172840328371244772e-03,4.141230110370615614e-01
8.641000000000650161e+00,2.660321158684314860e-02,1.173242290020987816e-03,4.129184403204716469e-01
8.661000000000639076e+00,2.683888592539744947e-02,1.175742513695971631e-03,4.117267872600987033e-01
8.681000000000627992e+00,2.706645527683918320e-02,1.180293442802311105e-03,4.105478032526322929e-01
8.701000000000616907e+00,2.728622459890927068e-02,1.186849877294077898e-03,4.093812445344669482e-01
8.721000000000605823e+00,2.749848757778629652e-02,1.195368880568054709e-03,4.082268709419226704e-01
8.741000000000594738e+00,2.770352653080293895e-02,1.205809732786628646e-03,4.070844450908417955e-01
8.761000000000583654e+00,2.790161401324413662e-02,1.218133722903875366e-03,4.059537276429168728e-01
8.781000000000572570e+00,2.809790361241909853e-02,1.231535213598217854e-03,4.048266939665134956e-01
8.801000000000561485e+00,2.830100653145603898e-02,1.244675393045142214e-03,4.036892412860889068e-01
8.821000000000550401e+00,2.857509595996588284e-02,1.254092055414508106e-03,3.993591004326836336e-01
8.841000000000539316e+00,2.924167672615466188e-02,1.238996423347422243e-03,3.769353267887919356e-01
8.861000000000528232e+00,2.997705261450349726e-02,1.219149434862471654e-03,3.521113468571965277e-01
8.881000000000517147e+00,3.068820254504538506e-02,1.202746127649718250e-03,3.281307756373703644e-01
8.901000000000506063e+00,3.133029633391616608e-02,1.191444715508322566e-03,3.165913146535018763e-01
8.921000000000494978e+00,3.168626604489661880e-02,1.191908834285788227e-03,3.182412277539556911e-01
8.941000000000483894e+00,3.200510249644993033e-02,1.196252623489175299e-03,3.184131662440994881e-01
8.961000000000472809e+00,3.231100454167259994e-02,1.203696230916002224e-03,3.185400225606189184e-01
8.981000000000461725e+00,3.257427348512248466e-02,1.196238515485299053e-03,3.168468516947224312e-01
9.001000000000450640e+00,3.273653473008605874e-02,1.186269356446962436e-03,3.098399418877617051e-01
9.021000000000439556e+00,3.289891537555922341e-02,1.178591567189319483e-03,3.092363473667528728e-01
9.041000000000428471e+00,3.312582543580669392e-02,1.173246394318611802e-03,3.096425279072945180e-01
9.061000000000417387e+00,3.334706558458730430e-02,1.170101012146946423e-03,3.099152829898074168e-01
9.081000000000406303e+00,3.363585632058840869e-02,1.169221508803570259e-03,3.056841691438049180e-01
9.101000000000395218e+00,3.395499810460370083e-02,1.170512593434275966e-03,3.061423478152684452e-01
9.121000000000384134e+00,3.419367267390353848e-02,1.173741288568969782e-03,3.065328614221295433e-01
9.141000000000373049e+00,3.442294861454074650e-02,1.178972796547512331e-03,3.068054944066454515e-01
9.161000000000361965e+00,3.464482696143388052e-02,1.186165970193737290e-03,3.070609994891779215e-01
9.181000000000350880e+00,3.485962447065492353e-02,1.195279062035276701e-03,3.073015026328950738e-01
9.201000000000339796e+00,3.506871151603302428e-02,1.206103984207691077e-03,3.075255216733469577e-01
9.221000000000328711e+00,3.528198523165819445e-02,1.217125616577236641e-03,3.077172633301079596e-01
9.241000000000317627e+00,3.550305452816085450e-02,1.227805880381866582e-03,3.078706406881341340e-01
9.261000000000306542e+00,3.573213235423253198e-02,1.238134446381339987e-03,3.079850084422954271e-01
9.281000000000295458e+00,3.600971515307041515e-02,1.241960563707917437e-03,3.079899701986574256e-01
9.301000000000284373e+00,3.638896915401219900e-02,1.231175223336006957e-03,3.077881044687766354e-01
9.321000000000273289e+00,3.676038539060634547e-02,1.222631959942616781e-03,3.075672011027583141e-01
9.341000000000262204e+00,3.711788348275349425e-02,1.217292216643701269e-03,3.073386184363358642e-01
9.361000000000251120e+00,3.746184223316055550e-02,1.215123005600855094e-03,3.071024375728344524e-01
9.381000000000240036e+00,3.779274150960192091e-02,1.216078257657089018e-03,3.068585331784562387e-01
9.401000000000228951e+00,3.811104738874253328e-02,1.220116630928153728e-03,3.066067751607782221e-01
9.421000000000217867e+00,3.841721064811538799e-02,1.227201958155139244e-03,3.063470310139507768e-01
9.441000000000206782e+00,3.871221416582087960e-02,1.237327208725842037e-03,3.060810234554321441e-01
9.461000000000195698e+00,3.899772905268529544e-02,1.233147191012601979e-03,3.058114259789417311e-01
9.481000000000184613e+00,3.928267690777546839e-02,1.223290970860286403e-03,3.055246058186121272e-01
9.501000000000173529e+00,3.957298451261224981e-02,1.213404871883778241e-03,3.052108862893100905e-01
9.521000000000162444e+00,3.986894844750761557e-02,1.203446221577215286e-03,3.048695861216011438e-01
9.541000000000151360e+00,4.017067251550027196e-02,1.193406216860221775e-03,3.045003085284104238e-01
9.561000000000140275e+00,4.047828026495355058e-02,1.183276215003931792e-03,3.041025923945235854e-01
9.581000000000129191e+00,4.079192112471967391e-02,1.173047038494041266e-03,3.036758978449209945e-01
9.601000000000118106e+00,4.111177316037983864e-02,1.162708872811297339e-03,3.032195965242579505e-01
9.621000000000107022e+00,4.143804626204906916e-02,1.152251160798051927e-03,3.027329602858856994e-01
9.641000000000095937e+00,4.177098594084772964e-02,1.141662479299105498e-03,3.022151478195417851e-01
9.661000000000084853e+00,4.211087787697057050e-02,1.130930393399860040e-03,3.016651887405940036e-01
9.681000000000073769e+00,4.245805339579383775e-02,1.120041283435919272e-03,3.010819645774837627e-01
9.701000000000062684e+00,4.281403764401138512e-02,1.108801496901585387e-03,3.004620766297225742e-01
9.721000000000051600e+00,4.317716695277254435e-02,1.097504807288169487e-03,2.998083298021344545e-01
9.741000000000040515e+00,4.354374148684030110e-02,1.086310566650334347e-03,2.991336684088161113e-01
9.761000000000029431e+00,4.391203546291791437e-02,1.075221211518501835e-03,2.984447141833370121e-01
9.781000000000018346e+00,4.428201288551893156e-02,1.064233119241714959e-03,2.977416365836231815e-01
9.801000000000007262e+00,4.465370546404522079e-02,1.053342144951802811e-03,2.970243637949364635e-01
9.820999999999996177e+00,4.502715423039187204e-02,1.042544129689033233e-03,2.962927971785152548e-01
9.840999999999985093e+00,4.540240880269261203e-02,1.031834899737588823e-03,2.955468137024370723e-01
9.860999999999974008e+00,4.577952778192447003e-02,1.021210255292576835e-03,2.947862642477222517e-01
9.880999999999962924e+00,4.615857923551106023e-02,1.010665958458629304e-03,2.940109716294739828e-01
9.900999999999951839e+00,4.653964125703416443e-02,1.000197720010437968e-03,2.932207283777190088e-01
9.920999999999940755e+00,4.692280261272982478e-02,9.898011851407657880e-04,2.924152942379242837e-01
9.940999999999929670e+00,4.730816348652473746e-02,9.794719177007756017e-04,2.915943933517464726e-01
9.960999999999918586e+00,4.769583633887579388e-02,9.692053829851894620e-04,2.907577110648411622e-01
9.980999999999907502e+00,4.808594689758832752e-02,9.589969286070872123e-04,2.899048903014877498e-01
1.000099999999989642e+01,4.847863530138306343e-02,9.488417625692809054e-04,2.890355274300731581e-01
1.002099999999988533e+01,4.887405742095159156e-02,9.387349299199328201e-04,2.881491675386535500e-01
1.004099999999987425e+01,4.927238639340320026e-02,9.286712850037522060e-04,2.872452989979840110e-01
1.006099999999986316e+01,4.967369286388038929e-02,9.186476433486086279e-04,2.863237620143271323e-01
1.008099999999985208e+01,5.007553657525325164e-02,9.087001837425785766e-04,2.853928675622726674e-01
1.010099999999984099e+01,5.047600420827130785e-02,8.988201000243618843e-04,2.844586275872880710e-01
1.012099999999982991e+01,5.087492270103531611e-02,8.890093203297207147e-04,2.835215029729780123e-01
1.014099999999981883e+01,5.127233311897917700e-02,8.792613325988747619e-04,2.825814782354456600e-01
1.016099999999980774e+01,5.166827262203727011e-02,8.695741345495396069e-04,2.816385330331482306e-01
1.018099999999979666e+01,5.206277996315258894e-02,8.599460739350979488e-04,2.806926400242855668e-01
1.020099999999978557e+01,5.245589625896544816e-02,8.503754870220099626e-04,2.797437638261954795e-01
1.022099999999977449e+01,5.284766505254144542e-02,8.408606875943865078e-04,2.787918606960873569e-01
1.024099999999976340e+01,5.323813237100623319e-02,8.276821235288674139e-04,2.778368782049468466e-01
1.026099999999975232e+01,5.362734679738234700e-02,8.112929194253500065e-04,2.768787548714333746e-01
1.028099999999974123e+01,5.401535955258271460e-02,7.952282432636854914e-04,2.759174197654950533e-01
1.030099999999973015e+01,5.440222459304303038e-02,7.794816690105017820e-04,2.749527920663043523e-01
1.032099999999971907e+01,5.478799872146657146e-02,7.640468978356192153e-04,2.739847805797177016e-01
1.034099999999970798e+01,5.517274171426181373e-02,7.489177556078314979e-04,2.730132832045529812e-01
1.036099999999969690e+01,5.555651646622708495e-02,7.340881904735648000e-04,2.720381863423191326e-01
1.038099999999968581e+01,5.593938915392036859e-02,7.195522703872421488e-04,2.710593642493775990e-01
1.040099999999967473e+01,5.632142942077016101e-02,7.053041808023526038e-04,2.700766783169775698e-01
1.042099999999966364e+01,5.670271058481060611e-02,6.913382222924098486e-04,2.690899762763662717e-01
1.044099999999965256e+01,5.708330987277715485e-02,6.776488082962557613e-04,2.680990913162230593e-01
1.046099999999964147e+01,5.746330868275871528e-02,6.642304628633639851e-04,2.671038411038546556e-01
1.048099999999963039e+01,5.784279287942793724e-02,6.510778184645911459e-04,2.661040266958200062e-01
1.050099999999961931e+01,5.822177066681233359e-02,6.381856138715398530e-04,2.650997216670311074e-01
1.052099999999960822e+01,5.859868737822143681e-02,6.255486920446369503e-04,2.640965018999905656e-01
1.054099999999959714e+01,5.897263154635677684e-02,6.131619980483012100e-04,2.630976784071809571e-01
1.056099999999958605e+01,5.934360910940131295e-02,6.010205770200678643e-04,2.621033311294359014e-01
1.058099999999957497e+01,5.971165749973879333e-02,5.891195722347482289e-04,2.611134280782791972e-01
1.060099999999956388e+01,6.007681481512494592e-02,5.774542231275110737e-04,2.601279338586968137e-01
1.062099999999955280e+01,6.043911924612198339e-02,5.660198634107778404e-04,2.591468116558510171e-01
1.064099999999954171e+01,6.079860906491950379e-02,5.548119191882312784e-04,2.581700232540385942e-01
1.066099999999953063e+01,6.115532262552290932e-02,5.438259071290536817e-04,2.571975290166498285e-01
1.068099999999951955e+01,6.150929836524034189e-02,5.330574326847976885e-04,2.562292878622028924e-01
1.070099999999950846e+01,6.186057480760386029e-02,5.225021883250198507e-04,2.552652572398270148e-01
1.072099999999949738e+01,6.220919056648147039e-02,5.121559518015024459e-04,2.543053931023315783e-01
1.074099999999948629e+01,6.255518435089590934e-02,5.020145844846397865e-04,2.533496498776335870e-01
1.076099999999947521e+01,6.289859497208001582e-02,4.920740296933297231e-04,2.523979804351426659e-01
1.078099999999946412e+01,6.323946135084312914e-02,4.823303110745476296e-04,2.514503360541898713e-01
1.080099999999945304e+01,6.357782252656488109e-02,4.727795310137290763e-04,2.505066663866726273e-01
1.082099999999944195e+01,6.391371766736504700e-02,4.634178690675790080e-04,2.495669194176463601e-01
1.084099999999943087e+01,6.424718608162113820e-02,4.542415804475626040e-04,2.486310414227093091e-01
1.086099999999941979e+01,6.457826723076869058e-02,4.452469945164412579e-04,2.476989769221548121e-01
1.088099999999940870e+01,6.490700074349706195e-02,4.364305133203356946e-04,2.467706686315633835e-01
1.090099999999939762e+01,6.523342643137035324e-02,4.277886101493773297e-04,2.458460574084539996e-01
1.092099999999938653e+01,6.555758430592843744e-02,4.193178281281136066e-04,2.449250821948507628e-01
1.094099999999937545e+01,6.587951459732424575e-02,4.110147788303382399e-04,2.440076799553781983e-01
1.096099999999936436e+01,6.619925777460286542e-02,4.028761409227317458e-04,2.430937856105512274e-01
1.098099999999935328e+01,6.651685456768174909e-02,3.948986588457499558e-04,2.421833319648614702e-01
1.100099999999934219e+01,6.683234599116061325e-02,3.870791414992864887e-04,2.412762496292495396e-01
1.102099999999933111e+01,6.714577337004909441e-02,3.794144609743539676e-04,2.403724669375227885e-01
1.104099999999932002e+01,6.745717836748417462e-02,3.719015512960339997e-04,2.394719098563383164e-01
1.106099999999930894e+01,6.776660301466917724e-02,3.645374072003999821e-04,2.385745018880238710e-01
1.108099999999929786e+01,6.807408974317032124e-02,3.573190829305357419e-04,2.376801639656104248e-01
1.110099999999928677e+01,6.837968141970518499e-02,3.502436910608648646e-04,2.367888143395957545e-01
1.112099999999927569e+01,6.868342138365461647e-02,3.433084013397987022e-04,2.359003684555833202e-01
1.114099999999926460e+01,6.898535348743095597e-02,3.365104395595293341e-04,2.350147388221434652e-01
1.116099999999925352e+01,6.928552213723403186e-02,3.298470864510801015e-04,2.341318348776510461e-01
1.118099999999924243e+01,6.958344822439514743e-02,3.233156765499352325e-04,2.332534110021202145e-01
1.120099999999923135e+01,6.987816248419707887e-02,3.169135972519616928e-04,2.323829492337289859e-01
1.122099999999922026e+01,7.016961048905252796e-02,3.106382876346298894e-04,2.315207048627962449e-01
1.124099999999920918e+01,7.045782652146735658e-02,3.044872374535941006e-04,2.306666192583108344e-01
1.126099999999919810e+01,7.074284603890780565e-02,2.984579862126586491e-04,2.298206285998631859e-01
1.128099999999918701e+01,7.102470406166129513e-02,2.925481221601917980e-04,2.289826695676401291e-01
1.130099999999917593e+01,7.130343513254051857e-02,2.867552812496794445e-04,2.281526794608201847e-01
1.132099999999916484e+01,7.157907333724387866e-02,2.810771462694768019e-04,2.273305961677138942e-01
1.134099999999915376e+01,7.185165230968480754e-02,2.755114458862957527e-04,2.265163581581297603e-01
1.136099999999914267e+01,7.212120523355743107e-02,2.700559537504761132e-04,2.257099044791436304e-01
1.138099999999913159e+01,7.238776485395169435e-02,2.647084875999246301e-04,2.249111747384686111e-01
1.140099999999912050e+01,7.265136348366606212e-02,2.594669083884788841e-04,2.241201090949687114e-01
1.142099999999910942e+01,7.291203300921546282e-02,2.543291194270942690e-04,2.233366482498601036e-01
1.144099999999909834e+01,7.316980489402556687e-02,2.492930655273624396e-04,2.225607334414136940e-01
1.146099999999908725e+01,7.342471018471975752e-02,2.443567321923252600e-04,2.217923064360645680e-01
1.148099999999907617e+01,7.367677952292227272e-02,2.395181448352108611e-04,2.210313095118349169e-01
1.150099999999906508e+01,7.392604314923674480e-02,2.347753679773530167e-04,2.202776854530992812e-01
1.152099999999905400e+01,7.417253090944860017e-02,2.301265044797502768e-04,2.195313775418904489e-01
1.154099999999904291e+01,7.441627226080686774e-02,2.255696947943870712e-04,2.187923295492595899e-01
1.156099999999903183e+01,7.465729627846524885e-02,2.211031162307093567e-04,2.180604857264715202e-01
1.158099999999902074e+01,7.489563166240438552e-02,2.167249822428059247e-04,2.173357907952312984e-01
1.160099999999900966e+01,7.513130674559768962e-02,2.124335417152574401e-04,2.166181899374008402e-01
1.162099999999899858e+01,7.536434950214622452e-02,2.082270782597546444e-04,2.159076287840859809e-01
1.164099999999898749e+01,7.559478745040444647e-02,2.041039073898028022e-04,2.152040536078498878e-01
1.166099999999897641e+01,7.582264781904739237e-02,2.000623793666118921e-04,2.145074110009363433e-01
1.168099999999896532e+01,7.604795757398007117e-02,1.961008789974245936e-04,2.138176478254033563e-01
1.170099999999895424e+01,7.627074330980122829e-02,1.922178217961430235e-04,2.131347114527089581e-01
1.172099999999894315e+01,7.649103119989673905e-02,1.884116541328757777e-04,2.124585497940353895e-01
1.174099999999893207e+01,7.670884714070651256e-02,1.846808534695827675e-04,2.117891111100374535e-01
1.176099999999892098e+01,7.692421669974637555e-02,1.810239276209442416e-04,2.111263440670006486e-01
1.178099999999890990e+01,7.713716511187064528e-02,1.774394137360642276e-04,2.104701977591728612e-01
1.180099999999889882e+01,7.734771731573002185e-02,1.739258779920489772e-04,2.098206216542705671e-01
1.182099999999888773e+01,7.755589806957831345e-02,1.704819151375387698e-04,2.091775654518131522e-01
1.184099999999887665e+01,7.776173148503624788e-02,1.671061472042385809e-04,2.085409796647191283e-01
1.186099999999886556e+01,7.796524148846302460e-02,1.637972238434821926e-04,2.079108150412395384e-01
1.188099999999885448e+01,7.816645259790587497e-02,1.605538218558862085e-04,2.072870216340002014e-01
1.190099999999884339e+01,7.836538702948074586e-02,1.573746440053543083e-04,2.066695522776595406e-01
1.192099999999883231e+01,7.856336248963265156e-02,1.542584183370672435e-04,2.060568142038070594e-01
1.194099999999882122e+01,7.909088364772538793e-02,1.512038973074010528e-04,2.050537384414514719e-01
1.196099999999881014e+01,7.970285503848177633e-02,1.482098595807675168e-04,2.039518096630875688e-01
1.198099999999879905e+01,8.031353274986226254e-02,1.452751077671461666e-04,2.028532628757961365e-01
1.200099999999878797e+01,8.092139810223324126e-02,1.423984679146013399e-04,2.017598238027606961e-01
1.202099999999877689e+01,8.152649330054541343e-02,1.395787893315909856e-04,2.006713542793636673e-01
1.204099999999876580e+01,8.212889246430103707e-02,1.368149441257800192e-04,1.995876777375811817e-01
1.206099999999875472e+01,8.272867349286537608e-02,1.341058267213153521e-04,1.985086126307160637e-01
1.208099999999874363e+01,8.332591764574286131e-02,1.314503534358309189e-04,1.974339727412167123e-01
1.210099999999873255e+01,8.392070967780802804e-02,1.288474620442410512e-04,1.963635668171641036e-01
1.212099999999872146e+01,8.451313800433286894e-02,1.262961113551903936e-04,1.952971981627715237e-01
1.214099999999871038e+01,8.510329488682068233e-02,1.237952807944427136e-04,1.942346641919716621e-01
1.216099999999869929e+01,8.569127664185498261e-02,1.213439699970404739e-04,1.931757559407121239e-01
1.218099999999868821e+01,8.627718387527529009e-02,1.189411984054040972e-04,1.921202575331866780e-01
1.220099999999867713e+01,8.686112174438830047e-02,1.165860048795881732e-04,1.910679455964460760e-01
1.222099999999866604e+01,8.744320025129966034e-02,1.142774473100356680e-04,1.900185886172272021e-01
1.224099999999865496e+01,8.802353457112326029e-02,1.120146022432107202e-04,1.889719462334978894e-01
1.226099999999864387e+01,8.860224541901952355e-02,1.097965645106731281e-04,1.879277684527027037e-01
1.228099999999863279e+01,8.917945946099135879e-02,1.076224468685889335e-04,1.868857947869795866e-01
1.230099999999862170e+01,8.975530977392361109e-02,1.054913796395169634e-04,1.858457532943507684e-01
1.232099999999861062e+01,9.032993636146711969e-02,1.034025103690168479e-04,1.848073595129346991e-01
1.234099999999859953e+01,9.090348673315397365e-02,1.013550034814243717e-04,1.837703152733436984e-01
1.236099999999858845e+01,9.147611655571820377e-02,9.934803994706212227e-05,1.827343073716909960e-01
1.238099999999857737e+01,9.204805369350448074e-02,9.738081700629355741e-05,1.816991560290919794e-01
1.240099999999856628e+01,9.261775087141634055e-02,9.545254774386349728e-05,1.806689257693651629e-01
1.242099999999855520e+01,9.318289665057767623e-02,9.356246076465749018e-05,1.796485278324943535e-01
1.244099999999854411e+01,9.374337083494087286e-02,9.170980176855317301e-05,1.786381781487700882e-01
1.246099999999853303e+01,9.429919632725707046e-02,8.989382685555338814e-05,1.776377929098051922e-01
1.248099999999852194e+01,9.485039893419498769e-02,8.811381027664169641e-05,1.766472834938287995e-01
1.250099999999851086e+01,9.539700473218991339e-02,8.636904372434986432e-05,1.756665619344296991e-01
1.252099999999849977e+01,9.593903968147964034e-02,8.465883109095087566e-05,1.746955413846684735e-01
1.254099999999848869e+01,9.647652923751014187e-02,8.298248322232207319e-05,1.737341365323560871e-01
1.256099999999847761e+01,9.700949911783741941e-02,8.133932823818981750e-05,1.727822627053535731e-01
1.258099999999846652e+01,9.753797555288888643e-02,7.972871441798770609e-05,1.718398355700791469e-01
1.260099999999845544e+01,9.806198495339064902e-02,7.815000684259845731e-05,1.709067714458668563e-01
1.262099999999844435e+01,9.860912100856657203e-02,7.698390332357488153e-05,1.699512816789826575e-01
1.264099999999843327e+01,9.941238332131328848e-02,7.941025237169843654e-05,1.687056948241911769e-01
1.266099999999842218e+01,1.002126745806640878e-01,8.180994580221992440e-05,1.674682320805359059e-01
1.268099999999841110e+01,1.009933460968036462e-01,8.396036520271280001e-05,1.662578738840255754e-01
1.270099999999840001e+01,1.017746577724894658e-01,8.613642380452327107e-05,1.650513062851228785e-01
1.272099999999838893e+01,1.025575106146132259e-01,8.834792090147217114e-05,1.638474482355977702e-01
1.274099999999837785e+01,1.033361534901134776e-01,9.051831530966850115e-05,1.626528064188981215e-01
1.276099999999836676e+01,1.041092944714150786e-01,9.263140592948373997e-05,1.614687765214631310e-01
1.278099999999835568e+01,1.048809682369564317e-01,9.473890416629784927e-05,1.602906935614837880e-01
1.280099999999834459e+01,1.056516748891199869e-01,9.684610888084990710e-05,1.591179304688351004e-01
1.282099999999833351e+01,1.064232085088294283e-01,9.897399031235168398e-05,1.579483969231272877e-01
1.284099999999832242e+01,1.071951131209551850e-01,1.011151142148065951e-04,1.567825612182409123e-01
1.286099999999831134e+01,1.079687688131137774e-01,1.032844315558452408e-04,1.556188132018475612e-01
1.288099999999830025e+01,1.087393083307404279e-01,1.054218559182369674e-04,1.544626069290160886e-01
1.290099999999828917e+01,1.095060288711115909e-01,1.075190109562536300e-04,1.533146723357296515e-01
1.292099999999827808e+01,1.102706271435900526e-01,1.095957759980788204e-04,1.521730329868679621e-01
1.294099999999826700e+01,1.110355391398463315e-01,1.116795745625016878e-04,1.510348902410530991e-01
1.296099999999825592e+01,1.118018975661947273e-01,1.137817321324070818e-04,1.498989237654358986e-01
1.298099999999824483e+01,1.124941696516760098e-01,1.150541396560296470e-04,1.488499239641349892e-01
1.300099999999823375e+01,1.129760275859835322e-01,1.140089748648161205e-04,1.480407264660134059e-01
1.302099999999822266e+01,1.134384735693652752e-01,1.128116254983831113e-04,1.472566371979108224e-01
1.304099999999821158e+01,1.138916319139411243e-01,1.115762966588280947e-04,1.464862459568802011e-01
1.306099999999820049e+01,1.143358548106552103e-01,1.103075241030877784e-04,1.457291204422542785e-01
1.308099999999818941e+01,1.147713127899775004e-01,1.090077465286283520e-04,1.449850335569555226e-01
1.310099999999817832e+01,1.151981705104832415e-01,1.076792653089304885e-04,1.442537658753864083e-01
1.312099999999816724e+01,1.156165899873664721e-01,1.063242838730445172e-04,1.435351019406869710e-01
1.314099999999815616e+01,1.160267306609135546e-01,1.049449120209162978e-04,1.428288301163844198e-01
1.316099999999814507e+01,1.164287494093561165e-01,1.035431694672746261e-04,1.421347425051281421e-01
1.318099999999813399e+01,1.168228005628464267e-01,1.021209892386916451e-04,1.414526348704396308e-01
1.320099999999812290e+01,1.172090359193969228e-01,1.006802209439668083e-04,1.407823065603375778e-01
1.322099999999811182e+01,1.175876047624486581e-01,9.922263391988830894e-05,1.401235604329080786e-01
1.324099999999810073e+01,1.179586538800570100e-01,9.774992025725695588e-05,1.394762027836505824e-01
1.326099999999808965e+01,1.183223275855131845e-01,9.626369771250156693e-05,1.388400432745695023e-01
1.328099999999807856e+01,1.186787677392540513e-01,9.476551251282397392e-05,1.382148948649804532e-01
1.330099999999806748e+01,1.190281137719218368e-01,9.325684205093234813e-05,1.376005737440116339e-01
1.332099999999805640e+01,1.193705027084634301e-01,9.173909748374023398e-05,1.369968992647376815e-01
1.334099999999804531e+01,1.197060691931535331e-01,9.021362622886955340e-05,1.364036938799315646e-01
1.336099999999803423e+01,1.200349455154382378e-01,8.868171437166963433e-05,1.358207830793454196e-01
1.338099999999802314e+01,1.203572616365030240e-01,8.714458898047630631e-05,1.352479953285672942e-01
1.340099999999801206e+01,1.206731452165146906e-01,8.560342033410786589e-05,1.346851620092965884e-01
1.342099999999800097e+01,1.209827216423917523e-01,8.405932407031316278e-05,1.341321173611188522e-01
1.344099999999798989e+01,1.212861140559795409e-01,8.251336324984273607e-05,1.335886984247846576e-01
1.346099999999797880e+01,1.215834433827234634e-01,8.096655034768932002e-05,1.330547449867794940e-01
1.348099999999796772e+01,1.218748283607761357e-01,7.941984916861113963e-05,1.325300995251426639e-01
1.350099999999795664e+01,1.221603855681152179e-01,7.787417667444798686e-05,1.320146071590996839e-01
1.352099999999794555e+01,1.224402331640202929e-01,7.633569818095778392e-05,1.315081463122871885e-01
1.354099999999793447e+01,1.227144969317994355e-01,7.482421755801785257e-05,1.310106782580016116e-01
1.356099999999792338e+01,1.229832889336251595e-01,7.334260001847295318e-05,1.305220697642790473e-01
1.358099999999791230e+01,1.232467168331698032e-01,7.189031925865577155e-05,1.300421705161993180e-01
1.360099999999790121e+01,1.235048862458511115e-01,7.046679556279092371e-05,1.295708323491059355e-01
1.362099999999789013e+01,1.237579008139697706e-01,6.907145952402340972e-05,1.291079095720105707e-01
1.364099999999787904e+01,1.240058622379891923e-01,6.770375298971800793e-05,1.286532589279422711e-01
1.366099999999786796e+01,1.242488703069068862e-01,6.636312885912112880e-05,1.282067395487260231e-01
1.368099999999785688e+01,1.244870229284886082e-01,6.504905086420278981e-05,1.277682129107350906e-01
1.370099999999784579e+01,1.247204161588483934e-01,6.376099337214793938e-05,1.273375427921268899e-01
1.372099999999783471e+01,1.249491442335457642e-01,6.249844113455707562e-05,1.269145952297314195e-01
1.374099999999782362e+01,1.251732995969716267e-01,6.126088909859730980e-05,1.264992384781860602e-01
1.376099999999781254e+01,1.253929729307248497e-01,6.004784223247530695e-05,1.260913429707384847e-01
1.378099999999780145e+01,1.256082531839212424e-01,5.885881530322614741e-05,1.256907812790851731e-01
1.380099999999779037e+01,1.258192276019998168e-01,5.769333268547741089e-05,1.252974280754096115e-01
1.382099999999777928e+01,1.260259817554835460e-01,5.655092817015774931e-05,1.249111600950276041e-01
1.384099999999776820e+01,1.262285995684867823e-01,5.543114477958924202e-05,1.245318560998719820e-01
1.386099999999775712e+01,1.264271633469589151e-01,5.433353458541081982e-05,1.241593968428491429e-01
1.388099999999774603e+01,1.266217538066876647e-01,5.325765852911071296e-05,1.237936650329970328e-01
1.390099999999773495e+01,1.268124501009104954e-01,5.220308624550099030e-05,1.234345453014894373e-01
1.392099999999772386e+01,1.269993298476563559e-01,5.116939589196525806e-05,1.230819241683912962e-01
1.394099999999771278e+01,1.271824691567761401e-01,5.015617397876107053e-05,1.227356900101906206e-01
1.396099999999770169e+01,1.273619426566527935e-01,4.916301520365221056e-05,1.223957330280362882e-01
1.398099999999769061e+01,1.275378235210057332e-01,4.818952228470910204e-05,1.220619452162893664e-01
1.400099999999767952e+01,1.277101834941741787e-01,4.723530581087279079e-05,1.217342203329514899e-01
1.402099999999766844e+01,1.278790929166470081e-01,4.629998408941030097e-05,1.214124538701947670e-01
1.404099999999765735e+01,1.280446207514597534e-01,4.538318297882606989e-05,1.210965430243087643e-01
1.406099999999764627e+01,1.282068346087870125e-01,4.448453574647584507e-05,1.207863866677561376e-01
1.408099999999763519e+01,1.283658007706288129e-01,4.360368292146213354e-05,1.204818853214236624e-01
1.410099999999762410e+01,1.285215842151657961e-01,4.274027215102685351e-05,1.201829411274285969e-01
1.412099999999761302e+01,1.286742486407706776e-01,4.189395805927545458e-05,1.198894578225157964e-01
1.414099999999760193e+01,1.288238564896713179e-01,4.106440210923170686e-05,1.196013407120007227e-01
1.416099999999759085e+01,1.289704689712707075e-01,4.025127246733498088e-05,1.193184966442686207e-01
1.418099999999757976e+01,1.291141460851137623e-01,3.945424387198984140e-05,1.190408339857885606e-01
1.420099999999756868e+01,1.292549466435123917e-01,3.867299750006172876e-05,1.187682625966451216e-01
1.422099999999755759e+01,1.293929282938244552e-01,3.790722084242095780e-05,1.185006938065588517e-01
1.424099999999754651e+01,1.295281475403860239e-01,3.715660757854302720e-05,1.182380403913856209e-01
1.426099999999753543e+01,1.296606597660990290e-01,3.642085745321835266e-05,1.179802165500881544e-01
1.428099999999752434e+01,1.297905192536814301e-01,3.569967615631511326e-05,1.177271378821542064e-01
1.430099999999751326e+01,1.299177792065699943e-01,3.499277520609481162e-05,1.174787213654507750e-01
1.432099999999750217e+01,1.300424917694901206e-01,3.429987183230578940e-05,1.172348853345080294e-01
1.434099999999749109e+01,1.301647080486890151e-01,3.362068886460581330e-05,1.169955494592053585e-01
1.436099999999748000e+01,1.302844781318337752e-01,3.295495462104017226e-05,1.167606347238738657e-01
1.438099999999746892e+01,1.304018511075749898e-01,3.230240279851817609e-05,1.165300634067655133e-01
1.440099999999745783e+01,1.305168750847890968e-01,3.166277236756401270e-05,1.163037590599162313e-01
1.442099999999744675e+01,1.306295972114894233e-01,3.103580746801129497e-05,1.160816464893689032e-01
1.444099999999743567e+01,1.307400636934166749e-01,3.042125730519720794e-05,1.158636517357421875e-01
1.446099999999742458e+01,1.308483198123078783e-01,2.981887605115265960e-05,1.156497020551573857e-01
1.448099999999741350e+01,1.309544099438532117e-01,2.922842274512629790e-05,1.154397259004925486e-01
1.450099999999740241e+01,1.310583775753356994e-01,2.864966119788328602e-05,1.152336529029590467e-01
1.452099999999739133e+01,1.311602653229618498e-01,2.808235989689225609e-05,1.150314138540041026e-01
1.454099999999738024e+01,1.312601149488902552e-01,2.752629191456537616e-05,1.148329406875054776e-01
1.456099999999736916e+01,1.313579673779528278e-01,2.698123481583228345e-05,1.146381664622785762e-01
1.458099999999735807e+01,1.314538627140795779e-01,2.644697057065450996e-05,1.144470253448669900e-01
1.460099999999734699e+01,1.315478402560504023e-01,2.592328547353431323e-05,1.142594525929718080e-01
1.462099999999733591e+01,1.316399385143552370e-01,2.540997003848757818e-05,1.140753845378283254e-01
1.464099999999732482e+01,1.317301952259621600e-01,2.490681893009896730e-05,1.138947585685692182e-01
1.466099999999731374e+01,1.318186473695908967e-01,2.441363088164297257e-05,1.137175131160923364e-01
1.468099999999730265e+01,1.319053311808290330e-01,2.393020861031838753e-05,1.135435876370692737e-01
1.470099999999729157e+01,1.319902821668406390e-01,2.345635874130905241e-05,1.133729225983158145e-01
1.472099999999728048e+01,1.320735351208079111e-01,2.299189172856944130e-05,1.132054594614154558e-01
1.474099999999726940e+01,1.321551241360979234e-01,2.253662177899642960e-05,1.130411406675745772e-01
1.476099999999725831e+01,1.322350826201700857e-01,2.209036677815537364e-05,1.128799096227032644e-01
1.478099999999724723e+01,1.323134433082197581e-01,2.165294821867072561e-05,1.127217106827241716e-01
1.480099999999723615e+01,1.323902382765657637e-01,2.122419112628518012e-05,1.125664891390936589e-01
1.482099999999722506e+01,1.324654989557889906e-01,2.080392399313527041e-05,1.124141912045517472e-01
1.484099999999721398e+01,1.325392561436145034e-01,2.039197870703016169e-05,1.122647639990634744e-01
1.486099999999720289e+01,1.326115400175566228e-01,1.998819048439418045e-05,1.121181555359704735e-01
1.488099999999719181e+01,1.326823801473166198e-01,1.959239780370894413e-05,1.119743147083505502e-01
1.490099999999718072e+01,1.327518055069489278e-01,1.920444234328536059e-05,1.118331912755652219e-01
1.492099999999716964e+01,1.328198444867886852e-01,1.882416891559393624e-05,1.116947358500037096e-01
1.494099999999715855e+01,1.328865249051545960e-01,1.845142540609148729e-05,1.115588998840026241e-01
1.496099999999714747e+01,1.329518740198207538e-01,1.808606271299154078e-05,1.114256356569719858e-01
1.498099999999713638e+01,1.330159185392715826e-01,1.772793468575797893e-05,1.112948962626828936e-01
1.500099999999712530e+01,1.330786846337336793e-01,1.737689806848366492e-05,1.111666355967338288e-01
1.502099999999711422e+01,1.331401979459969076e-01,1.703281244188128984e-05,1.110408083442053634e-01
1.504099999999710313e+01,1.332004836020219962e-01,1.669554016710608768e-05,1.109173699674726316e-01
1.506099999999709205e+01,1.332595662213435228e-01,1.636494633068877325e-05,1.107962766941777283e-01
1.508099999999708096e+01,1.333174699272660357e-01,1.604089869085625897e-05,1.106774855053987844e-01
1.510099999999706988e+01,1.333742183568613071e-01,1.572326762407441625e-05,1.105609541239487154e-01
1.512099999999705879e+01,1.334298346707701866e-01,1.541192607431088324e-05,1.104466410028504958e-01
1.514099999999704771e+01,1.334843415628099994e-01,1.510674950007742656e-05,1.103345053139530990e-01
1.516099999999703662e+01,1.335377612693926519e-01,1.480761582696790701e-05,1.102245069367316782e-01
1.518099999999702554e+01,1.335901155787546368e-01,1.451440539669904273e-05,1.101166064472073186e-01
1.520099999999701446e+01,1.336414258400084876e-01,1.422700092225739898e-05,1.100107651070370424e-01
1.522099999999700337e+01,1.336917129720116559e-01,1.394528743805037441e-05,1.099069448527459220e-01
1.524099999999699229e+01,1.337409974720555061e-01,1.366915225433154579e-05,1.098051082851030785e-01
1.526099999999698120e+01,1.337892994243907452e-01,1.339848491323583635e-05,1.097052186586394001e-01
1.528099999999697012e+01,1.338366385085743016e-01,1.313317714492570620e-05,1.096072398713176382e-01
1.530099999999695903e+01,1.338830340076533065e-01,1.287312282196098612e-05,1.095111364543294580e-01
1.532099999999694795e+01,1.339285048161839575e-01,1.261821792005249354e-05,1.094168735620395377e-01
1.534099999999693686e+01,1.339730694480910367e-01,1.236836047293146668e-05,1.093244169620547351e-01
1.536099999999692578e+01,1.340167460443713043e-01,1.212345053510158199e-05,1.092337330254455202e-01
1.538099999999691470e+01,1.340595523806383527e-01,1.188339013876230088e-05,1.091447887170861469e-01
1.540099999999690361e+01,1.341015058745190225e-01,1.164808325700497638e-05,1.090575515861184480e-01
1.542099999999689253e+01,1.341426235928996902e-01,1.141743576295664586e-05,1.089719897565727819e-01
1.544099999999688144e+01,1.341829222590291137e-01,1.119135539564067305e-05,1.088880719180947282e-01
1.546099999999687036e+01,1.342224182594730642e-01,1.096975171962014106e-05,1.088057673168027345e-01
1.548099999999685927e+01,1.342611276509347307e-01,1.075253609013684941e-05,1.087250457462698300e-01
1.550099999999684819e+01,1.342990661669343500e-01,1.053962161841684453e-05,1.086458775386360126e-01
1.552099999999683710e+01,1.343362492243519446e-01,1.033092313569919374e-05,1.085682335558430384e-01
1.554099999999682602e+01,1.343726919298430522e-01,1.012635716004031683e-05,1.084920851809741266e-01
1.556099999999681494e+01,1.344084090861203951e-01,9.925841861897072294e-06,1.084174043097337198e-01
1.558099999999680385e+01,1.344434151981090120e-01,9.729297032651934574e-06,1.083441633420378220e-01
1.560099999999679277e+01,1.344777244789803206e-01,9.536644051361814478e-06,1.082723351737169687e-01
1.562099999999678168e+01,1.345113508560576432e-01,9.347805855004082121e-06,1.082018931883333285e-01
1.564099999999677060e+01,1.345443079766066863e-01,9.162706905724987694e-06,1.081328112491345833e-01
1.566099999999675951e+01,1.345766092135072534e-01,8.981273160808128653e-06,1.080650636910857471e-01
1.568099999999674843e+01,1.346082676708113268e-01,8.803432044863362949e-06,1.079986253130400947e-01
1.570099999999673734e+01,1.346392961891841877e-01,8.629112419018120095e-06,1.079334713700104559e-01
1.572099999999672626e+01,1.346697073512385656e-01,8.458244552606714040e-06,1.078695775655609673e-01
1.574099999999671518e+01,1.346995134867611799e-01,8.290760096747035179e-06,1.078069200442888648e-01
1.576099999999670409e+01,1.347287266778267878e-01,8.126592055585774022e-06,1.077454753844251795e-01
1.578099999999669301e+01,1.347573587638184467e-01,7.965674759320001685e-06,1.076852205905501209e-01
1.580099999999668192e+01,1.347854213463353934e-01,7.807943838662040337e-06,1.076261330863908378e-01
1.582099999999667084e+01,1.348129257940066383e-01,7.653336199359844771e-06,1.075681907077459670e-01
1.584099999999665975e+01,1.348398832472076925e-01,7.501789996883917455e-06,1.075113716955038295e-01
1.586099999999664867e+01,1.348663046226742102e-01,7.353244610226045141e-06,1.074556546887613234e-01
1.588099999999663758e+01,1.348922006180326427e-01,7.207640619583816077e-06,1.074010187180429593e-01
1.590099999999662650e+01,1.349175817162268087e-01,7.064919780214867773e-06,1.073474431986248673e-01
1.592099999999661541e+01,1.349424581898641118e-01,6.925025003452073280e-06,1.072949079239564479e-01
1.594099999999660433e+01,1.349668401054673339e-01,6.787900328670409822e-06,1.072433930591696755e-01
1.596099999999659325e+01,1.349907373276405809e-01,6.653490904468678524e-06,1.071928791347081938e-01
1.598099999999658216e+01,1.350141595231532654e-01,6.521742965299309747e-06,1.071433470400265237e-01
